latitude,longitude,month,severity,ndvi,evi,lai,fpar,elevation,temp,humidity,dew,precipitation,windspeed,pressure,cloudcover,solarradiation,solarenergy
33.555812160168394,76.93964487055145,4,0,-200.0,-118.5,8.42,34.03,4238.0,-10.5,76.3,-13.7,1.6,12.95,1028.25,71.7,312.8,27.1
26.057776564355454,76.31831595494198,4,0,3920.0,2892.0,10,39,252.0,33.85,12.7,0.30000000000000004,0.0,23.95,1003.9,50.05,282.45,24.35
23.167162559588295,73.87644420063039,5,0,4461.5,2852.0,6.0,29.5,154.0,26.65,80.2,22.95,28.900000000000002,27.700000000000003,1001.15,98.4,73.69999999999999,6.3
20.81784977332685,80.18862456841681,6,0,326.0,229.5,8.42,34.03,253.0,27.950000000000003,88.2,24.700000000000003,14.8,16.4,1002.45,96.6,117.8,10.149999999999999
9.149914353117637,77.92772428223577,8,0,4230.5,1777.0,4.0,20.5,90.0,31.7,57.5,21.200000000000003,0.0,28.799999999999997,1008.8,41.1,257.6,22.45
20.3523277446199,80.76100526865415,4,0,4238.5,2611.0,10.0,38.5,354.0,34.025,19.25,5.550000000000001,0.0,12.05,1005.5,12.25,329.1,28.35
23.962750264502528,75.38094267392779,6,0,2233.5,1194.0,2.5,12.0,441.0,31.45,51.650000000000006,20.3,1.95,26.65,1002.65,83.0,192.64999999999998,16.65
19.713379778705438,81.96640969666294,3,0,3363.5,2114.0,7.0,27.5,644.0,26.225,35.35,9.1,0.0,9.55,1012.45,0.5,285.9,24.65
26.740542831112876,81.02193477228741,12,0,3801.0,2046.5,3.0,29.5,119.0,21.425,81.6,17.799999999999997,0.0,10.3,1015.15,54.849999999999994,132.85,11.55
34.28442218865515,76.94597555912452,7,0,1336.5,807.5,8.42,34.03,4132.0,19.150000000000002,33.35,-1.05,0.0,28.1,1004.95,25.15,354.5,30.5
34.626424667152605,76.07708090811688,3,0,103.0,-359.5,8.42,34.03,3354.0,-15.0,79.80000000000001,-17.200000000000003,0.0,4.3,1028.1,71.35,284.5,24.5
20.22791439253375,78.36689375382757,9,0,7501.0,4809.0,2.0,11.5,365.0,27.5,81.75,23.1,11.7,47.199999999999996,1006.8499999999999,93.9,194.0,16.8
21.292278199673586,79.93943387870063,6,0,5393.5,3525.0,8.5,41.5,292.0,36.075,20.299999999999997,9.3,0.0,12.95,1004.1,21.0,338.85,29.25
32.73160738403901,78.21472952681737,12,0,-247.0,-465.5,8.42,34.03,5241.0,-21.525,74.9,-23.8,0.1,5.05,1030.35,77.45,151.55,13.05
22.774066637706184,74.0663141412753,7,0,4164,2524,15.0,43.5,290.0,26.7,85.15,23.65,12.549999999999999,25.200000000000003,1004.55,87.45,188.39999999999998,16.35
34.85360624723678,77.79936518513304,6,0,-268,-287,8.42,34.03,6136.0,-7.65,62.85,-13.95,1.0999999999999999,12.95,1022.0,54.2,389.5,33.55
20.379098756921717,75.35279341105114,3,0,4617.0,2669.5,9.5,42.5,656.0,29.475,23.65,5.35,0.0,9.25,1011.4,5.2,283.8,24.65
20.309768739444635,80.73818533624971,10,0,7107.5,4245.5,30.0,77.0,340.0,27.974999999999998,69.45,21.05,0.0,9.0,1006.25,30.75,229.2,19.8
25.871137937991175,90.10124171723032,6,0,7096.0,3985.5,11.5,41.5,51.0,30.025,79.05000000000001,25.45,4.7,13.9,1002.25,70.15,238.55,20.75
28.759384289685677,75.3558600431871,5,0,1412.5,941.0,2.0,11.5,226.0,32.650000000000006,35.35,14.45,3.378,22.299999999999997,1002.15,33.150000000000006,303.9,26.25
31.374249885744145,78.58985019984762,7,0,760.0,182.0,8.42,34.03,4857.0,4.75,90.6,3.45,2.75,11.7,1015.5,72.35,158.5,13.65
9.563684898655987,77.85086991054696,8,0,6391,5160,11.0,45.0,103.0,29.25,75.8,23.65,6.0,16.6,1006.75,60.6,254.85,22.05
11.542289071778026,78.4840565219441,8,0,5572.5,3950.5,6.5,35.5,294.0,28.85,76.65,22.3,1.7,11.350000000000001,1008.4,93.2,198.35,17.1
14.681190024837429,78.10848364075736,7,0,2289.5,1244.0,2.0,9.5,242.0,27.450000000000003,68.05,20.549999999999997,25.6,22.700000000000003,1007.5999999999999,99.05,170.0,14.700000000000001
10.905444246273458,76.08697775079628,3,0,5530,3360,17.0,55.0,22.0,28.65,68.80000000000001,22.05,0.0,11.899999999999999,1010.85,30.55,285.6,24.7
10.893191438804985,78.14946287248127,7,0,3287.5,2310.0,5.0,25.5,132.0,32.275,54.25,20.549999999999997,0.0,38.0,1006.5999999999999,58.5,264.0,22.95
25.809775050894306,71.70537694347613,5,0,1124.5,848.0,2.0,11.5,147.0,35.475,37.85,16.1,0.0,40.5,999.5,3.3,332.25,28.5
23.431509056737397,72.198563539709,4,0,3394.0,2391.5,6.0,30.0,57.0,33.0,29.1,10.95,0.0,12.100000000000001,1007.0,0.0,313.70000000000005,27.05
34.84405911170973,78.44083571698515,1,0,558.0,368.5,8.42,34.03,5686.0,-18.275,46.4,-27.549999999999997,0.2,14.4,1020.0,76.35,151.95,13.149999999999999
11.138211711152563,77.09953803575308,9,0,4622.0,2918.5,3.0,19.5,367.0,29.25,72.8,22.05,0.3,26.799999999999997,1009.25,68.4,204.89999999999998,17.6
10.654031708176483,76.99321045264264,11,0,5881.0,3381.5,8.5,42.0,273.0,25.75,81.75,21.4,0.05,16.6,1013.9000000000001,81.5,211.45,18.25
9.658251905270468,78.69196033967526,4,0,3350.5,2243.0,5.0,23.5,30.0,32.75,67.05000000000001,23.950000000000003,0.0,16.6,1008.55,47.05,260.1,22.45
15.848688972915326,78.19409054764009,10,0,5266.0,3094.5,6.0,29.0,293.0,28.25,58.55,17.549999999999997,0.0,18.55,1009.1,66.55,246.95,21.4
23.208995328489966,74.38648432426596,8,0,4129.0,3316.0,2.5,12.0,260.0,26.5,83.1,22.95,4.1,21.05,1005.85,93.9,210.95,18.200000000000003
20.82074834495326,78.54931766610086,11,0,6965.0,4341.5,13.0,61.5,266.0,24.25,66.0,16.35,0.0,7.6,1016.2,25.55,231.14999999999998,20.1
26.23551521225937,84.49638708084669,10,0,5802.5,3472.0,16,56,64.0,27.049999999999997,66.45,19.6,0.0,12.600000000000001,1010.6,6.0,237.65,20.7
26.930778271165405,75.64695487857247,6,0,3031.0,2187.5,4.5,21.5,417.0,33.95,46.3,19.55,0.0,25.9,999.2,26.75,288.75,24.950000000000003
22.750494713441523,87.87906958859854,1,0,7171.5,4946.5,21.0,72.0,9.0,24.9,69.6,18.25,0.0,17.5,1012.85,2.4,219.05,18.9
27.41481863428024,74.32422988621586,7,0,5307.0,3780.0,17.0,58.5,325.0,30.924999999999997,61.3,21.9,1.8,19.25,1000.8,56.45,204.75,17.85
11.609787754215521,79.60503085247946,6,0,5712.0,3831.5,8.0,42.0,35.0,30.625,69.94999999999999,23.4,7.316,27.0,1005.1,89.6,217.85000000000002,18.85
24.020532061603877,71.46850662134818,9,0,5024.0,3535.0,6.5,31.5,27.0,29.049999999999997,77.6,24.5,0.25,21.95,1004.0,75.35,205.39999999999998,17.75
21.86266066061857,76.13176695349091,7,0,4392.5,3031.5,0.5,3.5,380.0,28.125,80.1,24.0,25.1,24.299999999999997,1000.0,80.85,224.85000000000002,19.4
25.676879689378524,73.94142121212126,1,0,3498.5,2044.0,5.0,34.0,698.0,16.85,57.05,6.300000000000001,0.0,11.55,1015.95,0.0,179.3,15.45
28.05627431607627,76.07249896068367,12,0,6104.0,4068.5,10.0,58.5,320.0,17.375,29.049999999999997,-1.1,0.0,18.55,1015.8,0.0,162.25,14.05
14.80512573045876,78.01209528404046,4,0,2486,1312,3.5,16.0,244.0,31.950000000000003,32.95,13.1,0.0,15.45,1008.4,20.15,302.2,25.950000000000003
22.55260621630399,73.73239044243638,10,0,6574.0,3576.0,18.0,66.5,141.0,26.775,43.95,11.45,0.0,14.4,1015.15,13.45,235.75,20.25
25.63290474524124,86.54263165036431,11,0,639.0,332.0,8.42,34.03,36.0,24.400000000000002,74.69999999999999,18.45,0.0,8.65,1013.0,23.75,197.5,17.049999999999997
11.798512570415033,79.45608448298236,2,0,4351.5,2840.0,7.5,40.5,42.0,26.275,75.35,20.85,0.0,12.8,1012.25,39.3,267.15,23.2
33.188375364538715,78.28584847970417,4,0,143.5,96.0,8.42,34.03,5152.0,-9.975,70.9,-15.100000000000001,0.8500000000000001,8.6,1020.8,88.3,344.25,29.75
26.671912374115372,76.55791941071399,3,0,2641.5,1607.0,7.5,37.5,278.0,22.5,40.650000000000006,8.1,0.0,12.1,1016.5999999999999,30.15,257.4,22.25
25.718215359659723,70.83078163985358,12,0,1628.0,1087.5,2.0,15.0,193.0,21.7,29.5,1.65,0.0,14.75,1017.05,1.25,178.75,15.5
26.891605678465293,73.81577351051206,4,0,3420.5,2309.0,5.5,26.0,345.0,27.525000000000002,22.7,3.25,0.0,20.15,1011.05,49.900000000000006,282.05,24.35
24.92587294867562,84.93932115780245,7,0,2300,1695,9.0,40.5,94.0,31.0,79.55,26.5,5.2655,21.9,996.05,76.5,245.70000000000002,21.15
21.259967858789892,76.98666085746666,10,0,8340,4412,23.0,64.0,594.0,26.174999999999997,82.35,21.9,40.0,9.2,1003.8,85.4,125.2,10.850000000000001
26.2789900046364,80.58617232126102,1,0,6443.5,4221.5,10.5,55.0,110.0,14.649999999999999,84.1,10.7,0.0,8.850000000000001,1016.3,44.15,161.05,14.0
10.507693379069659,78.4282298553023,5,0,6644.0,4673.0,15.5,63.0,196.0,31.05,71.05,24.1,4.0,23.2,1007.2,82.75,232.75,20.049999999999997
25.823029234121854,73.28789552930955,9,0,6761.5,4596.5,17.0,65.5,214.0,31.525,63.4,22.7,0.0,16.0,1005.7,51.25,191.3,16.6
27.567313542617796,73.07370889442863,2,0,2042,1339,8.42,34.03,291.0,19.15,39.2,3.0,0.0,19.1,1015.6500000000001,16.8,195.10000000000002,16.75
33.31802868122135,75.60347549031968,4,0,98,90,0.5,3.5,3076.0,5.550000000000001,79.6,-0.15000000000000002,11.15,6.449999999999999,1017.3,78.8,248.35,21.5
12.699213682258657,79.41893920060633,4,0,4414.0,2890.0,7.0,38.0,108.0,34.425,58.2,21.9,0.0,14.75,1004.05,11.25,303.15,26.200000000000003
23.126228037543164,70.82066924048225,11,0,2999.5,2050.0,5.0,31.0,4.0,27.425,36.05,11.05,0.0,17.799999999999997,1015.3,3.25,216.1,18.549999999999997
12.594497229769539,75.55140911816659,8,0,7408.5,5110.0,13.0,39.5,353.0,24.55,86.75,21.75,13.55,9.2,1010.25,86.85,191.2,16.5
23.01844288125855,82.44322674820569,10,0,5738.5,3830.5,21.0,69.0,460.0,26.825000000000003,68.85,19.6,0.0,8.1,1010.4,65.95,234.95,20.3
9.555932347810087,76.4667338882869,3,0,6290.0,3991.0,8.42,34.03,1.0,30.45,73.25,24.55,2.3,21.4,1010.7,34.9,308.45000000000005,26.7
10.866659023249063,76.75651366783522,5,0,8485.0,5608.5,64.5,92.5,706.0,30.35,69.45,22.65,0.25,23.200000000000003,1011.95,43.8,302.45,26.1
20.482222078889805,74.1280669153351,12,0,4098.5,2185.5,3.0,26.0,576.0,19.674999999999997,49.95,9.1,0.0,10.3,1013.5,21.25,213.55,18.55
16.428566714235767,79.51449611059222,6,0,3540.5,2611.5,7.5,38.5,165.0,32.075,50.650000000000006,20.15,0.7,19.799999999999997,1003.55,80.2,257.35,22.3
25.84445587554088,86.51240627837487,9,0,7157.0,4032.0,12.0,38.0,39.0,25.625,93.55000000000001,24.0,23.25,32.4,1005.7,99.7,66.25,5.800000000000001
11.459242580462742,76.7293958502573,11,0,6409,3844,16.0,60.5,1984.0,23.549999999999997,67.05000000000001,19.5,0.45,13.9,1011.95,46.65,205.25,17.85
34.718953596439896,78.31004049490107,6,0,648.0,258.0,8.42,34.03,4795.0,-8.524999999999999,66.7,-14.0,2.9,11.15,1021.45,63.15,365.5,31.55
11.34099414234487,76.41868770110997,11,0,8567.0,4858.5,58.0,89.5,464.0,26.625,76.75,22.25,6.5265,13.5,1011.55,62.9,184.85,15.9
26.60079207777709,78.61016790957522,5,0,2727.0,1838.5,3.0,16.0,154.0,33.025,32.25,13.45,0.15,27.35,1004.5,26.150000000000002,273.3,23.55
26.565932425487734,84.412398171835,10,0,4598.0,2096.0,9.5,39.5,71.0,29.925,84.0,26.450000000000003,0.8500000000000001,8.8,1005.6,25.25,193.5,16.75
26.841388985729765,94.26280148907446,5,0,6240.0,3513.0,14.5,47.5,90.0,27.85,70.9,21.35,2.3,17.1,1007.3499999999999,58.85,246.45,21.3
27.169699543197694,88.26920848579026,2,0,4155.5,2760.0,8.5,38.0,608.0,13.225,55.2,2.2,0.1,13.149999999999999,1015.0,27.45,216.75,18.700000000000003
11.68669750521534,75.73939202739858,12,0,7922.0,4753.0,52.5,88.5,23.0,27.15,75.8,21.75,1.2,12.05,1009.4000000000001,40.15,221.25,18.95
36.42836437473012,74.04661194472561,2,0,123,94,8.42,34.03,4225.0,-15.649999999999999,46.9,-24.4,0.0,4.85,1026.25,0.0,227.55,19.700000000000003
26.278171784293676,89.91072196824655,2,0,5099.0,2839.0,10.5,44.0,50.0,21.0,51.05,7.25,0.0,15.65,1012.2,9.25,229.85,19.85
27.05665648319412,70.02031538100887,5,0,928.0,682.0,8.42,34.03,75.0,37.675,20.25,7.05,0.0,25.55,999.9,0.75,334.3,29.0
16.349559749856642,79.58146378062784,1,0,7415,3745,15.5,46.5,345.0,24.0,71.75,17.55,0.95,9.55,1015.7,51.05,198.1,17.05
24.785637141264527,73.24662226399784,5,0,3882.5,2294.5,4.0,23.0,805.0,23.625,64.45,16.5,14.05,13.9,1007.5,62.95,239.25,20.6
25.994496479677913,86.56062656897969,4,0,4018.0,2294.0,5.5,27.5,44.0,27.75,41.25,11.350000000000001,0.0,14.4,1007.0999999999999,0.3,303.15,26.1
26.109303948688023,72.57922029330697,1,0,1844.5,1244.5,2.0,18.5,153.0,18.200000000000003,55.45,7.6000000000000005,0.0,17.450000000000003,1019.75,35.900000000000006,178.14999999999998,15.3
25.708664778045055,81.71492288153729,5,0,3900.5,2634.0,3.0,21.5,103.0,31.15,50.65,19.35,0.5,10.8,1003.65,24.55,296.8,25.65
27.737592909216946,76.0630420240718,6,0,3734.0,2405.0,3.0,18.0,380.0,38.375,31.55,18.1,0.1,35.650000000000006,996.5,13.4,303.20000000000005,26.200000000000003
25.493020215117724,80.33799051002896,8,0,4104.5,2686.0,8.42,34.03,128.0,31.75,62.8,23.9,1.0,16.35,998.1500000000001,87.05,232.65,20.049999999999997
22.889749236250488,88.57460390217135,2,0,5488.5,3501.5,10.0,51.5,9.0,19.575000000000003,56.900000000000006,10.2,0.0,15.700000000000001,1017.35,22.700000000000003,244.15,21.25
23.90512308974606,75.55700608571647,1,0,7106.0,4576.5,15.0,67.0,439.0,20.225,48.75,7.9,0.0,16.75,1010.9,3.35,195.3,16.85
27.76631828620133,71.5626062877043,11,0,1530.0,1094.0,8.42,34.03,121.0,21.375,42.25,6.65,0.0,14.0,1014.6,0.6,187.2,16.1
24.92241272395696,73.40970658517091,7,0,3877,3427,6.5,29.5,836.0,26.5,87.30000000000001,24.4,3.7,20.35,1003.4,84.80000000000001,201.64999999999998,17.5
20.257084247468086,78.09469632187094,10,0,6454.5,3819.0,8.0,44.0,335.0,27.2,77.45,20.95,1.7,10.25,1012.25,58.8,156.0,13.4
35.7809693979071,75.6868520727444,7,0,-428.0,-431.0,8.42,34.03,5061.0,12.825,56.25,0.7500000000000001,0.75,13.5,1007.4,47.55,307.15,26.65
26.15305618597912,77.31685617445099,8,0,5673.5,4710.5,14.0,56.0,286.0,28.924999999999997,72.9,23.15,1.5,11.2,1004.05,54.5,250.3,21.6
26.873357932089274,74.53836806141439,7,0,3004.0,2127.0,1.5,9.0,404.0,31.05,68.65,23.9,1.35,30.599999999999998,997.5,84.65,164.14999999999998,14.2
24.38586865134758,71.5923919287063,5,0,3342.0,2582.5,7.5,33.5,43.0,34.275000000000006,47.650000000000006,20.200000000000003,0.0,25.75,1003.45,6.15,316.15,27.200000000000003
25.91230132295373,85.1844428118946,7,0,4638.5,3641.0,12.0,45.0,54.0,32.275,73.0,26.75,0.0,16.6,1001.05,48.150000000000006,273.4,23.549999999999997
15.306433623118178,76.29708727209665,11,0,5775,3342,11.5,52.5,551.0,22.225,44.0,9.149999999999999,0.0,17.25,1012.05,28.0,256.3,22.2
24.50177000918917,72.3631689607282,11,0,3816.0,2314.0,7.0,38.5,203.0,23.425,63.5,14.399999999999999,0.0,7.0,1012.1500000000001,0.35,199.05,17.200000000000003
15.883538227861756,77.8841834137905,8,0,4101.5,2340.0,7.5,32.5,291.0,28.75,69.75,21.95,1.55,24.3,1007.55,73.65,193.0,16.700000000000003
20.309420080247722,74.8160891716983,2,0,3166.0,1770.5,4.5,26.0,454.0,20.275,43.45,6.65,0.0,10.3,1013.25,20.45,241.0,20.8
26.451729753785038,76.55250686789792,4,0,2102.5,1421.0,3.0,17.5,240.0,30.55,39.3,13.649999999999999,1.65,36.0,1009.5999999999999,56.6,252.8,21.9
34.91886898479155,75.18101111376812,10,0,-317.0,-316.0,0,0,4329.0,-3.6499999999999995,39.2,-15.85,0.0,8.8,1026.65,0.0,234.95,20.45
22.80401307095914,73.95124393175432,4,0,2989.5,1937.5,5.5,25.5,220.0,33.175,17.5,3.9000000000000004,0.0,21.4,1006.8499999999999,0.0,328.70000000000005,28.35
35.530493464305195,75.03461355307017,3,0,115.5,122.0,1.0,3.5,3626.0,-13.425,76.65,-16.45,1.8499999999999999,14.049999999999999,1030.55,87.75,190.45,16.4
12.609295115643548,79.94506953960968,3,0,4434.0,2079.0,7.0,35.5,22.0,29.55,72.4,23.85,0.0,16.6,1010.5,37.099999999999994,317.05,27.25
23.482224034243824,74.89863772818579,2,0,4967,2882,8.5,45.5,551.0,24.549999999999997,24.7,1.35,0.0,10.65,1014.75,3.95,256.9,22.05
25.68997050422453,82.40380812927322,2,0,6165,4087,8.42,34.03,88.0,22.15,66.65,14.0,0.05,10.3,1014.5,7.45,218.35000000000002,18.950000000000003
25.876798749491936,71.58640815135634,2,0,1868.0,1338.0,2.5,16.5,160.0,22.475,26.9,-0.25,0.0,11.7,1015.6500000000001,0.35,212.95,18.45
25.91154800991017,87.71344334562797,4,0,6450.5,4070.5,18.0,65.0,46.0,28.425,25.8,5.3,0.0,25.75,1005.65,39.9,303.5,26.35
10.719681586626963,79.470983400239,2,0,4489.0,2675.5,8.0,38.5,16.0,27.475,73.65,21.5,0.25,23.75,1011.85,55.85,268.4,23.200000000000003
20.382526802997877,74.5601269757277,8,0,5366.0,3297.5,13.0,35.5,530.0,23.525000000000002,94.45,22.25,14.850000000000001,14.05,1007.5,90.05000000000001,49.900000000000006,4.35
11.52578942191655,79.6215245604775,9,0,2810.5,1750.0,6.0,28.5,9.0,30.0,71.19999999999999,23.1,0.30000000000000004,18.75,1007.4,92.7,171.2,14.8
28.25193655359305,75.40411917516714,6,0,2497.5,1802.5,5.0,24.0,307.0,34.025000000000006,48.5,20.55,0.0,18.700000000000003,1001.25,42.6,274.95,23.7
11.072732808698433,79.154148616331,10,0,5684,4121,8.42,34.03,32.0,28.75,82.0,24.4,0.0945,12.100000000000001,1010.15,61.55,225.25,19.35
34.45138951939083,76.0654889750458,8,0,2478.0,1637.0,5.5,24.5,2802.0,16.0,50.4,4.5,8.0,18.35,1008.35,70.55000000000001,247.5,21.35
22.15596808054657,71.41632241468082,3,0,2905.5,1695.5,4.5,25.5,173.0,26.9,38.599999999999994,9.1,0.0,24.5,1014.1,2.35,277.85,24.05
34.188469335296794,78.3396578230139,2,0,-302.0,-325.0,8.42,34.03,6006.0,-9.125,29.7,-25.299999999999997,0.0,9.7,1039.1,13.5,236.25,20.4
32.67038212622405,76.75501489648332,8,0,4002.5,2495.5,6.5,31.0,3323.0,15.475000000000001,78.75,7.4,2.35,16.049999999999997,1012.3499999999999,44.7,270.1,23.35
10.359059535119355,77.55279626977934,1,0,8420,3694,20.5,43.5,1070.0,19.35,86.6,17.95,6.4,6.1,1013.15,76.35,184.3,15.950000000000001
26.904594601983728,73.68048250417512,3,0,2050.5,1278.0,2.0,15.0,331.0,27.325000000000003,35.75,9.55,0.0,12.45,1011.85,12.3,255.55,22.200000000000003
10.480613823166895,78.43660790127134,4,0,3913.5,2372.0,5.0,29.5,194.0,32.575,72.3,25.4,0.0,19.45,1009.9,57.650000000000006,231.4,20.05
12.690710259221134,79.81876891012662,8,0,5698.5,3691.5,11.0,45.0,64.0,33.0,56.6,22.700000000000003,1.0,26.25,1006.1500000000001,55.05,276.05,23.85
22.45232312104025,88.54457737774715,10,0,6160.5,3719.5,7.0,33.0,2.0,28.025,91.19999999999999,26.049999999999997,34.757,19.45,1003.6,97.19999999999999,110.05000000000001,9.45
21.975724472566178,75.30788554000104,4,0,2654.5,1457.0,3.5,18.5,217.0,32.15,34.6,12.85,0.35,25.75,1007.7,61.6,284.15,24.5
14.77900262664387,74.61123710589771,9,0,8382.0,5997.0,60.0,90.0,304.0,26.575,88.35,23.7,7.0,5.6,1006.1500000000001,64.35,263.7,22.8
23.699268048160462,69.14000469186304,5,0,2045.5,1397.0,2.5,14.0,3.0,31.725,54.5,19.95,0.4,34.55,1007.35,69.2,242.35,20.85
22.545630669570006,88.34874738958183,3,0,2997.5,1802.0,8.42,34.03,7.0,28.0,80.15,23.65,0.0,8.5,1013.15,41.95,232.65,20.299999999999997
34.150013848430966,76.09749450350643,6,0,-203.5,-153.5,8.42,34.03,4966.0,6.05,43.25,-6.1,0.15000000000000002,17.8,1015.25,23.25,381.15,32.9
25.48224254467587,80.79308106981603,6,0,3330.5,1802.0,3.0,13.0,123.0,31.025000000000002,65.0,23.4,19.5,21.25,999.5999999999999,73.85,161.75,13.9
24.420723745032817,76.6845003648182,8,0,6345.5,5261.5,30.0,72.5,316.0,28.75,78.25,24.0,7.5,11.899999999999999,1000.95,79.95,191.6,16.6
21.96535953634231,74.15610372667227,7,0,3547.0,2820.5,6.0,28.0,146.0,28.1,79.85,23.85,18.85,11.35,999.45,89.55000000000001,199.45,17.3
25.596273919517575,84.94186437840486,12,0,3802,2123,4.0,32.0,53.0,24.675,76.15,18.8,0.0,7.6,1014.6500000000001,23.6,167.5,14.5
10.575735530392626,79.15107801169746,5,0,5350.0,3966.5,10.5,50.0,42.0,32.25,61.8,22.35,8.2395,28.8,1006.35,46.5,263.5,22.799999999999997
11.609282525918786,79.3612297719731,12,0,5205.5,2991.0,3.5,22.0,68.0,26.875,87.2,23.95,8.1305,15.3,1013.1,67.25,162.10000000000002,14.05
26.11883630122845,71.37309256470033,9,0,3106.5,2288.0,4.5,25.0,212.0,31.425,63.15,22.950000000000003,0.05,24.15,1006.2,53.849999999999994,238.3,20.55
27.056647842639876,73.30336803055485,3,0,2292.0,1482.5,4.5,25.5,312.0,21.375,22.05,-2.0,0.0,18.0,1014.7,2.3,261.45,22.65
22.239448173866098,70.88017260029065,9,0,5670.5,3133.5,17.5,54.5,156.0,26.725,92.4,25.0,81.0,18.55,1002.0,87.94999999999999,107.75,9.25
27.381524095460914,79.38607055481451,3,0,3925.0,2779.5,6.0,36.0,154.0,21.825,29.25,1.15,0.0,18.35,1014.55,34.3,250.45,21.65
17.098525061927635,79.77986855366,1,0,2706,802,5.0,27.5,153.0,23.474999999999998,65.1,14.399999999999999,0.0,14.4,1014.4000000000001,11.0,239.64999999999998,20.549999999999997
16.679534748620927,78.00813453867552,1,0,3738.0,2051.5,4.5,26.0,443.0,22.0,86.85,19.0,0.0,11.2,1016.5,25.0,180.7,15.55
24.926264744601255,73.96958453822127,3,0,3967.0,2377.5,7.0,36.0,532.0,24.225,38.5,8.75,0.0,14.95,1011.45,19.9,299.25,25.8
23.97270988202492,76.3312325985884,4,0,2094.5,1197.5,3,17,383.0,32.55,13.85,0.0,0.0,18.0,1008.45,1.05,312.6,26.9
24.860317690773698,74.3499815011891,4,0,3357,1934,5.0,27.0,440.0,26.799999999999997,32.0,7.800000000000001,0.0,14.95,1012.8499999999999,43.85,285.5,24.7
20.348201502581276,76.9055279711124,6,0,5580.0,3447.5,5.0,20.0,476.0,30.075000000000003,63.5,21.05,1.5499999999999998,10.8,1007.3,71.4,232.55,19.9
22.595752549337135,87.97167966024026,2,0,4877.5,2672.0,8.5,42.5,10.0,25.825,65.85,17.5,0.0,13.0,1011.8,8.9,246.25,21.3
23.10916970130717,87.6993952887075,6,0,3450.0,2328.0,5.0,26.0,30.0,35.675,48.599999999999994,20.75,0.0,20.15,1001.5,31.1,290.65,25.15
11.551758716445567,75.70469164121681,10,0,8372.0,6214.0,48.0,84.5,28.0,27.85,83.8,23.65,5.35,15.7,1011.9000000000001,81.25,265.85,23.0
12.302505598994927,79.77943487792645,6,0,4155.5,2609.5,7.5,33.0,35.0,31.950000000000003,60.95,22.25,8.802999999999999,22.15,1005.1,65.5,280.70000000000005,24.3
21.163954107363725,79.97228347235688,6,0,3692.0,2568.5,3.0,16.5,269.0,27.8,88.55,24.75,19.15,15.700000000000001,1002.35,96.25,114.35,9.799999999999999
26.928108226027057,76.33635104700488,2,0,4711,3045,7.0,40.0,315.0,21.25,42.6,7.35,0.0,13.200000000000001,1014.0,15.8,192.15,15.25
26.251021650070104,73.60444929135116,6,0,2071.5,1378.0,2.5,13.5,267.0,35.4,29.25,12.95,0.0,25.9,1000.4,13.35,334.9,28.95
32.918426262823594,77.54478307527101,7,0,1507.0,941.5,8.42,34.03,4319.0,12.475000000000001,52.349999999999994,2.6500000000000004,4.0,15.700000000000001,1006.85,55.849999999999994,265.25,22.85
26.381806920172295,84.50362677384793,10,0,4515.5,2645.0,9.0,43.5,67.0,23.849999999999998,71.6,17.45,0.0,10.3,1015.55,4.6,209.14999999999998,18.0
26.22439610081965,71.44022031543847,4,0,1220.0,840.0,2.0,12.5,240.0,29.65,34.45,11.65,0.25,21.950000000000003,1008.3499999999999,76.8,225.2,19.4
9.547297098836506,77.33431923333997,1,0,8450.0,4570.0,51.5,88.0,1091.0,20.674999999999997,75.4,13.55,0.15,12.95,1016.05,31.95,244.95000000000002,21.25
23.5478704927593,87.86124289004798,1,0,3073.0,1762.5,5.5,31.5,30.0,22.85,45.55,8.95,0.0,11.350000000000001,1014.05,33.65,212.95,18.4
9.18387570287552,78.18241454973673,3,0,2888.0,1836.5,4.5,22.0,30.0,31.45,65.65,23.15,0.0,18.55,1009.55,40.25,268.75,23.3
36.1719119603229,73.92406235524201,4,0,-37.0,-25.5,0.0,0.0,3589.0,-1.225,87.6,-6.15,6.1000000000000005,8.5,1012.9,89.4,252.3,21.65
10.815686392055667,76.9183212665766,8,0,6637,3962,6.5,35.0,252.0,26.975,78.85,21.2,5.0,22.15,1009.8,77.65,199.05,17.3
34.277411212700336,78.00465512552029,10,0,847.5,126.5,8.42,34.03,5252.0,3.25,30.3,-16.0,0.0,16.4,1022.3499999999999,17.95,222.8,19.299999999999997
11.154515925629163,79.48443049648263,8,0,5129,3023,7.5,35.5,18.0,29.1,73.85,23.4,3.1854999999999998,16.9,1003.75,96.8,133.85,11.5
20.183172570893255,78.50741389992064,12,0,6214.0,3377.0,10.0,53.5,341.0,25.125,57.75,15.15,0.0,10.1,1013.2,21.950000000000003,193.75,16.65
22.185737926012408,73.15399479267883,2,0,5923.5,3270.5,7.0,39.0,22.0,23.875,33.1,4.6,0.0,15.3,1010.3,1.35,234.4,20.25
23.959704876884288,72.13355036352532,4,0,3107.5,2155.5,5.0,28.0,89.0,31.724999999999998,34.75,11.05,0.0,23.0,1004.8,0.0,317.3,27.5
26.2806885896622,76.14301700758124,12,0,7036.5,5342.0,19.0,70.0,265.0,16.475,55.0,6.5,0.0,9.4,1020.1500000000001,0.5,179.5,15.4
25.94500494784629,87.31907154949538,5,0,5139.5,3640.5,10.5,42.5,44.0,32.599999999999994,44.35,18.9,0.3,13.5,1007.6500000000001,32.2,306.75,26.45
22.9779988557797,71.43867523376888,3,0,3764.0,2389.5,4.5,26.0,54.0,27.325000000000003,45.9,13.1,0.0,23.799999999999997,1014.4000000000001,2.1,269.8,23.25
20.595447819584628,73.75513520929368,11,0,7499.5,4114.0,30.5,81.0,613.0,22.5,49.900000000000006,9.8,0.0,13.9,1016.95,14.7,234.0,20.200000000000003
23.55933554339952,73.66396040615751,4,0,2868.5,1825.0,5.5,26.5,200.0,32.45,21.4,6.550000000000001,0.0,23.6,1008.75,1.65,321.4,27.65
15.492772577271136,76.87143637902562,3,0,2921.0,2136.0,4.0,26.5,406.0,32.75,26.85,10.45,0.0,23.9,1009.95,22.75,307.65,26.5
24.083336153232306,87.84482087426002,10,0,7976.0,4784.5,39,86,31.0,24.55,74.65,19.15,0.5,21.950000000000003,1007.8499999999999,72.15,195.8,16.7
28.0247083143727,78.17932664952895,8,0,5848.5,4663.5,11.0,43.0,187.0,30.975,64.55,23.4,0.1,18.35,1002.45,83.35,211.1,18.2
19.86291435533629,78.84485490099176,8,0,5841.5,4138.5,3.0,14.5,231.0,27.450000000000003,85.4,23.75,4.75,23.25,1004.9000000000001,90.1,175.15,15.149999999999999
14.063510288270097,76.91100364799306,9,0,4005.0,2575.5,2.0,14.0,599.0,27.35,64.5,19.1,2.0,26.3,1009.25,91.4,236.45,20.55
26.05998053813684,80.71585468055147,5,0,2347.0,1711.5,3.0,19.0,117.0,26.6,76.05,20.9,9.5185,19.05,1008.9,66.44999999999999,279.75,24.3
28.53656235078602,73.76466342227765,12,0,5427.0,4166.0,6.0,43.0,199.0,17.85,35.2,0.0,0.0,11.149999999999999,1020.15,38.45,157.4,13.5
26.911393011701385,76.6729144444109,12,0,7088.0,4979.5,17.0,65.5,274.0,15.65,85.25,12.95,3.1500000000000004,9.35,1018.95,80.80000000000001,113.64999999999999,9.7
14.468818671009299,76.64232501194469,7,0,3693.5,2669.5,2.5,15.5,554.0,25.5,79.8,21.25,0.25,38.150000000000006,1007.5,89.6,133.25,11.399999999999999
14.384567070784893,76.4881999176216,7,0,1152,1054,3.5,18.5,623.0,26.25,69.6,19.85,10.0,14.4,1008.45,71.55000000000001,233.25,20.0
27.983976588846332,74.05272194227473,10,0,4967.0,3285.0,7.5,40.0,317.0,31.150000000000002,32.1,11.2,0.0,21.95,1011.0,0.0,234.25,20.299999999999997
22.232166809654167,81.15088031537395,6,0,4130.0,2729.0,9.5,33.5,553.0,27.8,68.25,21.0,4.7,14.4,1001.85,89.6,181.8,15.75
9.83262458577017,77.02877876497816,9,0,7170.5,4339.0,2.0,10.0,957.0,26.25,89.25,24.25,4.0,13.65,1008.0,89.8,80.05,6.8500000000000005
23.080849307414756,88.0259982898457,2,0,5965.0,4419.5,16.5,61.0,19.0,22.5,74.5,16.7,0.0,14.799999999999999,1008.15,47.400000000000006,203.7,16.75
22.12878962094474,73.37697363760816,6,0,3069.0,1718.5,5.0,22.5,39.0,34.400000000000006,49.3,20.6,0.0,28.25,1005.55,5.4,313.65,27.1
25.210981146457517,85.15738798088329,7,0,5178.0,3215.5,5.0,26.0,66.0,28.45,92.35,26.7,55.7115,14.6,1001.3499999999999,90.6,184.45,15.899999999999999
17.309410027037917,79.20544480640729,3,0,4245.0,2836.0,11.0,51.0,285.0,28.6,47.150000000000006,15.8,0.0,14.8,1013.1,17.35,291.5,25.15
22.78655060643604,81.16875193687557,6,0,4662,1893,3.0,13.5,765.0,26.65,79.1,21.8,6.5,12.600000000000001,1001.25,85.1,219.0,18.95
26.233642233954093,79.12144619810027,3,0,7185.0,4885.5,26.0,77.5,147.0,23.15,65.8,14.25,6.35,25.2,1012.0,75.30000000000001,197.0,17.0
22.963356847810932,73.25518570259352,6,0,2717.5,1737.0,3.0,17.5,93.0,33.825,51.5,21.4,2.0,32.8,1003.8,37.4,314.4,27.15
33.689032427139814,78.57642629635893,4,0,268.0,237.5,8.42,34.03,5885.0,-9.8,58.35,-16.9,0.05,13.0,1020.9,18.45,374.6,32.45
25.13450111322662,74.20081340618985,11,0,4694,2757,4.5,36.5,494.0,22.775,37.45,7.25,0.0,8.5,1013.9,0.1,204.0,17.65
28.095662089103417,78.72224026916797,8,0,5538.0,3692.5,7.5,33.0,169.0,28.25,90.35,26.200000000000003,5.5,16.2,1004.1500000000001,92.5,97.9,8.5
28.88860390933984,72.97458916538044,6,0,1130,836,1.5,8.0,141.0,39.575,29.75,18.25,0.0,28.8,994.75,31.6,314.5,27.3
21.843503517129246,76.14659656279825,7,0,6185.5,4336.5,6.0,26.0,377.0,28.0,77.5,22.950000000000003,6.7,18.75,1005.6500000000001,81.9,280.29999999999995,24.0
14.662285314079524,79.73156460943842,2,0,4888.5,2622.0,9.5,46.5,46.0,24.7,72.9,18.85,0.0,12.8,1014.1500000000001,4.300000000000001,259.45000000000005,22.4
16.167784841162558,76.34121793902021,10,0,8102.5,4566.0,37.0,80.5,487.0,23.950000000000003,52.55,13.25,0.0,15.1,1013.45,3.15,272.15,23.549999999999997
20.2967579485443,80.78001551160686,7,0,4775.5,3547.0,0.5,3.5,347.0,26.299999999999997,93.4,23.950000000000003,16.3,12.8,1000.75,96.0,135.0,11.6
22.743985827987977,71.10975451510699,3,0,3615.0,2493.0,7.0,38.5,94.0,25.525000000000002,26.1,2.55,0.0,20.700000000000003,1014.5,4.15,263.3,22.7
26.462668431776144,81.70233412066493,10,0,4828.0,3378.0,9,52,109.0,26.7,59.099999999999994,16.5,0.0,8.1,1012.8,1.35,219.3,18.9
22.63442967399526,82.18526321755152,6,0,4000.0,2623.0,8.0,35.0,652.0,30.950000000000003,67.3,22.85,8.0,10.45,1003.0,53.849999999999994,228.05,19.7
9.697783486617217,78.11120468884855,4,0,3684.5,2440.0,5.0,27.5,91.0,31.7,61.75,22.15,0.0,21.25,1008.7,31.5,273.04999999999995,23.45
34.73378126774757,77.3864023366254,11,0,136.0,133.0,8.42,34.03,4958.0,-12.025,48.7,-29.0,0.0,2.9,1035.0,6.15,194.6,16.75
35.55257113917451,75.54951255761922,3,0,875.0,576.0,1.5,8.0,2437.0,-6.95,65.4,-12.5,0.05,8.85,1030.1,99.75,200.5,17.15
23.68056131156213,72.9358010557476,9,0,7201.0,5283.5,23.0,66.5,163.0,31.075,62.650000000000006,22.65,0.0,16.6,1007.5,26.3,295.25,25.6
26.595090463960613,71.33257492267765,5,0,1245.0,904.0,2.0,11.0,296.0,29.224999999999998,8.95,-8.100000000000001,0.0,23.549999999999997,1005.45,0.45,341.1,29.5
19.985591178140886,81.76300641007688,1,0,3315.0,1749.0,5.0,28.0,609.0,17.525,49.3,5.05,0.0,11.899999999999999,1013.1500000000001,0.15,217.95,18.85
27.2300533042805,78.31001274735462,10,0,2179.0,1314.0,3,21,166.0,26.950000000000003,45.9,13.25,0.0,12.4,1012.3,1.65,213.45,18.5
22.829809133010905,88.1827214089325,6,0,6472.0,5044.0,8.5,39.0,10.0,31.225,79.6,26.85,0.969,17.5,999.75,70.25,256.95,22.200000000000003
26.784303894962086,84.81892461396286,1,0,6572.0,4494.5,10.0,47.0,66.0,14.925,61.55,6.35,0.0,14.9,1018.55,5.45,182.3,15.8
32.73613016203871,78.02390867053941,5,0,189.5,18.5,8.42,34.03,5071.0,-12.325000000000001,77.1,-15.149999999999999,0.4,4.65,1022.55,60.0,360.05,31.049999999999997
23.126692632843273,73.81398663104157,8,0,3239.5,2811.0,2.5,10.0,151.0,27.65,86.6,24.700000000000003,14.05,24.3,1001.8,100.0,162.85,14.1
25.49606438523459,71.97262270345186,4,0,1276.5,919.5,2.0,12.5,85.0,33.05,34.8,12.8,0.0,28.25,1003.05,2.1,315.9,27.25
20.608640570109724,74.74462361248088,2,0,3568,1844,5.5,29.0,406.0,21.325,26.6,2.2,0.0,12.75,1011.35,19.8,233.5,20.25
24.093507564822566,69.17565264801425,3,0,4310.45,2877.77,8.42,34.03,2.0,25.35,74.95,20.15,0.65,30.599999999999998,1008.55,25.1,265.25,22.85
24.118507917195014,76.77687587143186,2,0,6257.0,3465.5,10.0,53.0,400.0,20.85,45.45,6.699999999999999,0.0,10.25,1013.5,43.1,233.7,20.15
26.996389495531155,73.85334880264168,10,0,2364.5,1400.5,4.0,22.5,335.0,27.175,37.7,10.850000000000001,0.0,13.5,1014.6,4.85,224.6,19.35
10.28079148411484,78.01921308817074,6,0,6571,4202,9.5,41.5,380.0,30.0,65.25,22.0,1.5,14.799999999999999,1006.9000000000001,47.150000000000006,263.7,22.75
34.06109145089274,78.1304228027811,7,0,762.0,504.5,8.42,34.03,4034.0,16.85,28.5,-5.35,0.0,21.95,1005.45,12.3,384.75,33.2
23.85213501904516,72.62336288984906,12,0,4948.0,3152.0,6.0,47.5,159.0,21.725,42.849999999999994,6.199999999999999,0.0,12.95,1017.85,5.6,192.39999999999998,16.6
23.495308607260533,73.23418275459375,4,0,2810.0,1910.5,3.5,21.5,150.0,34.175,22.65,8.600000000000001,0.0,13.0,1009.35,26.2,282.6,24.35
26.34815585488238,74.82012171986031,4,0,1895.0,1185.5,3.0,16.0,417.0,32.75,13.95,1.15,0.05,19.799999999999997,1005.4000000000001,20.650000000000002,320.6,27.65
22.759552125203363,73.74025270915857,4,0,3319.0,1978.5,6.0,27.0,172.0,32.849999999999994,27.6,10.15,0.0,18.55,1009.75,32.8,307.75,26.65
22.479101192868175,84.46032145866964,10,0,7541.5,4781.0,25.0,69.5,289.0,28.775,68.85,20.85,0.0,6.5,1012.95,41.9,232.60000000000002,20.15
27.384623172767025,71.66053948581995,9,0,1806.5,1295.5,8.42,34.03,176.0,33.375,50.2,21.45,1.35,16.4,1003.5,84.3,216.5,18.65
32.7368807812478,76.87592630309882,6,0,3940.0,1611.0,1.5,7.5,3755.0,8.375,89.0,-2.1,0.8,18.9,1018.65,60.55,382.75,33.0
26.01510727471922,72.13267747104771,4,0,1534.0,1041.5,2.0,12.0,124.0,33.099999999999994,27.4,10.65,0.0,32.6,1008.2,25.85,307.70000000000005,26.450000000000003
10.99114784263218,78.70995603270084,8,0,3802.0,2424.0,4.5,22.0,93.0,31.025,66.4,22.25,8.5,23.0,1007.55,63.550000000000004,238.65,20.549999999999997
23.54095656351203,71.75231343861564,5,0,2358.0,1614.5,3.5,18.0,23.0,35.425,43.25,19.25,0.0,26.85,1004.8,10.55,316.95000000000005,27.2
34.344294667359144,75.16465982035406,3,0,-324.5,-338.0,0.0,0.0,4264.0,0.3250000000000002,75.0,-6.1,0.5,7.199999999999999,1025.9,85.15,234.65,20.2
26.614627051843907,91.99560588063811,7,0,6397.0,3572.5,5.0,24.5,72.0,30.650000000000002,86.25,27.700000000000003,3.926,14.799999999999999,999.7,75.3,278.0,23.950000000000003
27.833299155086124,74.84603139648607,10,0,4033.5,2712.0,8.5,43.0,338.0,30.05,38.7,12.8,1.0,15.100000000000001,1010.85,17.95,238.35,20.5
24.71814945459534,75.45996212637772,11,0,3469,2019,4.0,29.5,367.0,25.475,37.65,8.6,0.0,8.45,1013.2,0.2,207.4,17.95
26.695039301142707,77.31717184938566,10,0,2839.5,1886.0,3.5,23.0,298.0,27.325,35.8,10.15,0.0,11.149999999999999,1014.15,21.8,197.8,17.15
10.021418578463441,76.66414534326444,7,0,5702.5,4467.5,14.5,48.0,35.0,28.025,84.0,24.2,8.65,18.4,1008.25,66.9,175.35000000000002,15.1
12.111656533931292,79.57383085683799,12,0,6166.0,3627.0,10.5,53.0,42.0,27.175,87.1,24.0,5.237,14.6,1013.2,64.6,155.45,13.350000000000001
9.010742286122952,76.99200746199519,12,0,8114.0,4556.0,30.0,52.0,97.0,27.775,82.05,24.25,1.256,15.7,1010.3,53.95,194.7,16.8
15.461620855109812,78.25744231751779,2,0,2747.0,1595.0,4.5,22.5,335.0,26.35,44.8,10.8,0.0,22.15,1014.0,21.1,278.35,24.0
25.33545880683295,81.33485604695866,4,0,2727.5,1958.0,3.0,17.5,100.0,35.05,21.2,8.8,0.0,29.549999999999997,1006.45,18.7,310.70000000000005,26.9
10.70185046759723,79.0786386116827,8,0,5427.5,3788.0,6.0,34.0,84.0,31.85,72.3,24.65,10.908000000000001,21.75,1007.7,70.4,245.1,21.049999999999997
22.445112126277493,70.88024736803318,11,0,2864.0,1527.5,4.0,31.5,153.0,23.275,60.8,14.15,0.0,17.799999999999997,1013.5999999999999,4.9,197.65,16.95
19.352548276377373,81.38725663612684,8,0,8157.0,5366.5,18.5,51.0,444.0,26.2,76.19999999999999,21.15,1.0,10.45,1007.55,48.7,234.15,20.25
15.946493656801435,76.12870839787942,7,0,3480.0,2676.0,1.0,4.5,574.0,25.55,77.05,20.4,0.9,51.3,1005.6,99.05000000000001,159.10000000000002,13.8
16.483982339343154,77.6501700779316,11,0,6884,5096,10.5,60.0,358.0,25.975,52.2,14.3,0.0,14.600000000000001,1011.75,59.75,235.85,20.4
15.932209540323887,80.13477509441768,12,0,5002,3016,6.0,36.0,45.0,26.125,79.15,21.450000000000003,0.0,8.850000000000001,1012.0999999999999,78.4,192.10000000000002,16.65
14.961729775397648,78.29155870774501,9,0,3332.5,2012.5,1.5,8.5,212.0,28.400000000000002,77.35,23.35,7.2,13.350000000000001,1006.65,88.6,167.7,14.5
27.05340653413339,69.96824329415594,4,0,1070.0,733.5,8.42,34.03,80.0,31.375,32.1,11.8,4.1,32.95,1007.9,64.45,163.4,14.15
24.206145201619712,71.81722523245296,8,0,4844.0,3433.0,7.5,37.0,81.0,31.275,62.25,22.6,0.3,18.4,1003.95,46.2,182.45,15.850000000000001
35.84860522011842,75.09184902422263,8,0,-126.5,-123.0,8.42,34.03,5009.0,7.55,59.9,0.15000000000000002,0.15000000000000002,10.05,1014.0999999999999,45.4,347.5,29.9
22.430152211392556,71.33429426196079,11,0,4281.5,2697.0,6.5,35.5,152.0,26.35,52.3,14.2,0.0,12.8,1012.6500000000001,8.45,199.75,17.25
13.668384073874405,79.80872461002517,2,0,6924.5,4027.5,11.0,54.5,120.0,26.625,73.15,19.950000000000003,0.1,20.35,1017.15,42.9,232.8,20.049999999999997
32.58712174655465,78.08047581911845,12,0,-215.5,-216.5,8.42,34.03,5858.0,-19.525,49.1,-29.35,0.0,11.149999999999999,1036.6,9.45,172.2,14.850000000000001
14.734589367425993,76.96464488557646,3,0,2673.5,1453.5,3.0,20.0,496.0,27.925,31.8,8.3,0.0,12.95,1012.15,0.05,309.25,26.799999999999997
20.530506575449166,78.07799820734758,10,0,7142.0,5048.0,12.0,58.5,287.0,28.1,75.80000000000001,21.85,6.85,9.7,1010.7,60.4,228.95,19.75
15.570440604701215,79.4024582932996,3,0,2618.0,1695.0,4.0,23.5,169.0,30.825000000000003,62.75,20.25,0.0,27.9,1011.5,26.15,243.8,21.05
24.718430241796842,73.51718423081705,7,0,2507.0,2018.5,5.5,27.0,840.0,26.075,89.80000000000001,23.950000000000003,20.25,16.4,999.05,85.65,233.8,20.05
36.11737764392377,75.15134506852377,10,0,405.5,202.0,8.42,34.03,3751.0,-4.475,82.65,-7.05,6.15,11.35,1021.0,59.95,250.25,21.75
13.708162588392208,79.96692417873508,3,0,4566.5,2757.5,10.0,43.5,16.0,29.65,59.8,17.15,0.0,23.4,1006.45,49.05,285.54999999999995,24.6
25.64378493354588,70.79168831890937,9,0,4332,3294,4.5,25.0,174.0,31.200000000000003,78.7,25.950000000000003,0.75,20.7,1000.95,42.849999999999994,223.75,19.25
25.85782661447823,85.8974110881199,6,0,3143.0,2309.5,8.0,35.5,42.0,34.175,54.4,21.75,2.8,32.75,1000.2,40.05,266.85,22.9
23.498790619365703,75.08677551133815,7,0,1691.5,1147.5,2.0,9.5,473.0,27.35,80.7,23.15,15.0,24.5,1002.0,91.95,224.60000000000002,19.4
10.203780059060556,78.10141743381236,10,0,5871.5,3672.0,13.5,54.0,466.0,28.625,75.4,22.9,0.35,16.6,1012.55,42.0,245.25,21.15
27.027164217523467,70.20540715141304,6,0,1047.5,770.0,8.42,34.03,126.0,31.525000000000002,55.75,22.049999999999997,0.35,29.549999999999997,1001.65,17.85,311.75,27.0
34.755682156290256,75.9943121542911,1,0,-141.0,-102.5,0.0,0.5,4833.0,-7.675000000000001,41.55,-19.75,0.0,10.8,1022.75,70.55,160.35000000000002,13.8
8.411145611135085,77.21437204792262,11,0,8805,6522,21.0,59.0,114.0,28.225,85.25,24.85,3.728,10.3,1009.0999999999999,74.19999999999999,165.95,14.25
27.70864143128446,78.85903602508441,10,0,3545.0,2190.5,7,38,169.0,24.65,43.5,10.350000000000001,0.0,15.85,1009.7,0.0,207.15,17.7
16.62379057772463,78.18536962671173,3,0,3152.0,2050.0,4.0,24.5,516.0,26.025,37.15,8.95,0.0,19.35,1016.2,6.45,273.45,23.6
26.051515836662322,77.66844078763116,8,0,6112.5,4864.5,15.5,54.0,320.0,27.0,89.35,24.700000000000003,33.0,28.65,1001.85,93.0,170.15,14.7
28.109220169372005,74.65678778052336,4,0,1419,929,2.0,12.5,317.0,28.125,36.35,10.8,0.15,27.2,1008.95,9.55,305.2,26.2
33.781023559465915,78.4659924144479,9,0,1062.5,781.0,8.42,34.03,5412.0,6.125,34.15,-9.649999999999999,0.0,15.3,1017.55,0.35,299.2,25.7
20.30469218721848,76.93569983675472,7,0,3235.5,1606.5,0.5,4.0,473.0,25.15,88.05,22.45,4.0,25.700000000000003,1004.45,92.1,90.94999999999999,7.8
24.942690518187504,87.15528991176033,3,0,3909.5,2392.5,7.0,37.5,58.0,24.2,67.25,15.8,16.3065,21.8,1013.2,91.45,116.3,9.9
15.194461546831525,79.60857188673442,1,0,6215.0,3834.5,10.0,47.0,114.0,24.150000000000002,77.80000000000001,19.65,0.2,15.649999999999999,1014.5,58.65,172.8,14.9
22.98718573968787,71.38835015163234,9,0,6924,5211,14.5,58.0,61.0,29.825,58.099999999999994,20.4,0.05,17.8,1007.5,31.25,235.55,20.4
11.800730107159378,76.31189970696069,5,0,5353.5,4224.5,2.5,13.0,956.0,21.85,84.25,18.65,2.7,25.0,1009.15,94.44999999999999,96.5,8.35
11.097184584428625,78.8850029636187,8,0,3378.5,2155.0,2.5,15.0,108.0,28.525,75.2,23.4,0.4,25.0,1003.3499999999999,77.2,179.5,15.5
23.652461631653427,70.76533700504608,2,0,4944.0,3174.5,9.5,46.0,32.0,25.75,30.05,5.550000000000001,0.0,19.8,1015.4,33.55,237.15,20.4
17.02910514666356,75.19851891684135,8,0,4938.0,3091.5,7.0,30.0,703.0,25.525,73.45,20.05,11.7,18.0,1007.3,87.5,246.3,21.25
35.327684305133616,76.26772021489691,5,0,-469.0,-730.5,8.42,34.03,5136.0,6.199999999999999,45.2,-6.0,2.0,12.6,1013.5,38.95,363.15,31.549999999999997
22.574725449001,83.33380298217051,4,0,3475.5,2112.0,5,25,525.0,32.05,18.6,1.85,0.0,11.350000000000001,1008.85,6.050000000000001,322.7,27.75
25.423711398504295,71.4780734308358,12,0,2394.0,1641.0,5.5,37.5,132.0,21.174999999999997,35.25,3.4,0.0,12.600000000000001,1016.1,0.85,184.55,15.9
27.873813331670828,73.29668441583128,4,0,1217.0,827.5,8.42,34.03,265.0,32.675,11.35,-2.0,0.0,24.85,1007.25,66.3,285.9,24.6
10.734755866512087,76.4321343029814,6,0,5623.0,3599.0,7.0,32.5,65.0,26.175,83.05000000000001,22.55,0.05,20.4,1010.7,77.35,271.6,23.35
26.547051190838705,75.88249709788103,7,0,4935.0,3371.0,7.0,33.5,314.0,30.475,78.75,25.8,13.0,27.7,998.75,55.25,183.4,16.0
12.68460157333225,76.01046486976841,11,0,3305,2693,3.5,18.5,914.0,23.0,84.3,19.6,6.8,20.549999999999997,1012.5,96.55000000000001,130.3,11.3
27.719598902131715,76.34277382891464,8,0,5857.5,4747.5,22.5,68.0,346.0,32.525,59.6,22.65,1.05,16.4,998.25,51.85,235.14999999999998,20.3
26.924892226472696,76.9475634545827,5,0,1994.5,1425.0,3.0,15.5,236.0,38.474999999999994,17.049999999999997,6.6,0.0,24.849999999999998,997.45,10.55,325.65,28.15
9.87964442357025,77.95470478848156,5,0,4470.0,2639.5,9.0,40.5,143.0,28.975,62.85,22.4,1.85,17.450000000000003,1007.1500000000001,76.2,269.05,23.3
24.160536297831968,76.43153174398415,7,0,2988.5,1665.5,3.0,12.5,385.0,32.275000000000006,61.3,23.25,0.1,21.6,1001.3,76.55000000000001,255.65,22.1
22.156846361905863,70.41553374296957,1,0,5648.5,3582.0,12.0,53.5,115.0,18.525,49.0,6.699999999999999,0.0,23.200000000000003,1015.55,2.9,214.75,18.5
26.952652144293427,77.8708443237816,8,0,6346.5,4518.0,17.0,58.5,166.0,31.5,63.9,23.200000000000003,1.1,21.8,998.5,76.35,190.10000000000002,16.35
33.44116417174201,78.41567311780894,6,0,1093.5,637.0,8.42,34.03,5330.0,3.3,34.3,-11.35,0.0,14.05,1014.0,20.4,402.0,34.7
22.083049279007696,88.77287720038086,12,0,8042.0,3867.5,8.42,34.03,3.0,20.925,71.05,14.45,0.0,13.0,1014.85,24.2,182.39999999999998,15.649999999999999
20.386392431100298,74.01708307425153,7,0,4671.0,2995.5,1.0,4.0,808.0,25.875,88.45,23.15,7.1,25.15,1003.65,86.45,89.9,7.85
22.022344137058905,75.5556629274172,7,0,2209.5,1420.0,1.0,6.0,217.0,28.45,76.65,22.950000000000003,5.95,27.2,1002.5999999999999,60.75,199.35,17.2
22.179277243616536,80.90143575500082,3,0,7156.5,3795.5,49.0,87.0,774.0,28.775,27.15,5.4,0.0,14.9,1009.9000000000001,26.8,299.45,25.75
24.766958403705928,76.2147619611919,5,0,1775.0,1117.0,2.5,12.5,260.0,36.825,22.2,10.85,0.05,29.900000000000002,1004.8,26.15,304.5,26.2
23.92189799862645,75.1364845512682,1,0,7068.0,4872.0,17.0,74.0,471.0,16.275,34.599999999999994,-0.25,0.0,13.85,1017.45,20.0,210.55,18.25
27.51560743614595,77.6702445303196,9,0,3400,2208,8.42,34.03,171.0,30.025,80.0,25.75,1.4,14.200000000000001,1008.3,23.15,207.15,17.799999999999997
19.847371653057742,76.81344778130209,6,0,1747.5,658.5,1.0,6.5,524.0,34.199999999999996,32.0,14.2,1.15,26.3,1002.8,86.55,194.0,16.85
26.388880046112405,92.04634957442404,2,0,1926,1352,5.0,24.5,54.0,21.55,81.94999999999999,17.65,0.0,8.649999999999999,1013.2,33.35,214.65,18.65
27.241890478333833,75.09874456800641,10,0,4744.5,2676.0,8.0,45.5,568.0,27.775,24.5,4.75,0.0,22.85,1011.35,0.3,221.60000000000002,19.15
25.72175864410485,71.05047529865502,4,0,1551.0,1091.5,2.0,13.0,213.0,29.45,19.85,3.15,0.0,20.15,1008.65,77.85,284.70000000000005,24.6
26.88608405577499,75.25817838944582,3,0,2825,1654,4.5,24.5,393.0,22.975,67.0,15.45,0.0,17.5,1010.6,38.8,253.75,22.0
26.651404674314357,84.79029434843527,3,0,5895.5,3711.5,16.0,63.5,69.0,24.65,34.25,5.949999999999999,0.0,20.5,1009.7,0.0,263.0,22.6
14.916856231108694,77.71057109615498,2,0,4202.5,2450.0,12.5,53.5,277.0,25.75,43.2,11.2,0.0,16.0,1011.4,0.1,275.4,23.8
27.918472066337515,77.92182750520747,10,0,3427.0,2089.5,4.0,28.5,191.0,28.4,34.849999999999994,10.35,0.0,8.25,1011.0,43.15,197.3,17.05
33.988580238080424,77.63368262001352,5,0,2286.0,1391.0,6.0,28.0,3558.0,8.924999999999999,31.75,-9.649999999999999,1.6,19.1,1009.0,63.55,322.35,27.9
27.663011195780445,72.5782384224081,11,0,1214.0,794.0,8.42,34.03,243.0,21.25,33.8,3.6500000000000004,0.0,11.85,1014.5,0.7000000000000001,177.3,15.2
26.311095483977134,72.63870238166655,2,0,1673.5,1087.0,2.0,16.0,188.0,21.75,32.3,2.4000000000000004,0.0,16.9,1018.95,1.4500000000000002,235.3,20.299999999999997
28.124409341787246,75.11643225393406,5,0,1767.0,1170.5,2.0,12.0,318.0,30.15,57.35,19.45,17.6,17.5,1003.4,29.6,316.25,27.3
28.765810338911333,73.18290604847893,7,0,2190.0,1630.5,2.5,14.5,167.0,32.474999999999994,61.65,22.950000000000003,9.15,33.5,999.8499999999999,79.6,184.25,16.05
26.277061347878675,72.56997402864667,12,0,2242.5,1340.0,2.0,19.0,188.0,18.799999999999997,35.25,2.25,0.0,19.450000000000003,1020.2,30.05,171.60000000000002,14.85
10.282097025427966,78.80726340432108,3,0,3507.5,1866.0,5.5,27.5,90.0,31.4,61.0,21.8,0.0,19.450000000000003,1006.45,52.150000000000006,281.65,24.299999999999997
20.400416277934994,75.97715186928039,4,0,2481.5,1443.5,2,14,590.0,33.425,19.55,6.8999999999999995,0.0,16.200000000000003,1005.5999999999999,70.15,295.75,25.45
15.093277604413942,76.37070778905255,5,0,2698.0,1414.0,4.5,24.0,538.0,28.65,72.65,21.45,5.2,18.15,1008.8,82.1,249.7,21.55
26.199985730524944,79.54146921858248,8,0,4869.5,3310.5,9.0,38.5,119.0,29.275000000000002,76.55,24.1,7.199999999999999,13.15,1003.15,92.3,154.6,13.4
10.82307356699999,78.00623023616413,11,0,5027,3163,10.0,50.5,160.0,29.25,78.6,24.2,1.5,16.1,1010.45,65.35,217.65,18.7
26.754092354737427,72.71817200465355,5,0,1805.5,1214.5,2.0,13.0,291.0,30.9,35.75,13.5,0.45,18.9,1006.8499999999999,30.75,319.1,27.6
25.808648158626667,86.13293546762031,9,0,6975.5,5208.0,18.0,59.0,42.0,30.025,72.69999999999999,24.0,3.2,16.2,1004.55,66.5,216.85,18.7
33.07692998034002,77.85944701420865,1,0,-337.5,-321.0,8.42,34.03,5184.0,-27.375,59.0,-35.55,0.0,14.600000000000001,1053.55,15.5,180.65,15.600000000000001
19.961148910779734,76.38391459114519,5,0,2238.0,1040.5,3.0,17.0,526.0,33.125,35.3,14.9,1.05,28.25,1008.7,66.45,270.9,23.450000000000003
26.976229579800357,72.50335347618321,10,0,2954.0,2053.5,5.0,29.5,309.0,27.875,43.5,13.149999999999999,0.0,30.400000000000002,1011.5,0.0,228.64999999999998,19.85
10.838155233432804,78.23525804476766,12,0,5527.0,3391.5,10.0,52.5,157.0,26.6,73.15,20.7,0.0,21.4,1009.5,52.25,218.5,18.8
34.81247622681009,75.01205336809723,1,0,-254,-281,0.0,0.0,3577.0,-13.325,76.95,-15.7,3.5,17.65,1026.3,97.4,143.4,12.350000000000001
25.484741238528237,80.4915376513989,4,0,3284.0,2132.0,4.5,25.0,118.0,29.799999999999997,23.299999999999997,4.85,0.0,14.95,1009.4,7.1,302.79999999999995,26.049999999999997
26.07266393928947,74.72331618224013,6,0,3210,1750,2.5,13.5,421.0,32.45,60.3,23.049999999999997,6.0,28.1,996.6,71.75,238.95000000000002,20.65
25.60110358237034,72.48623741794171,10,0,2935.5,1285.5,5,28,466.0,29.025000000000002,27.85,7.95,0.0,12.25,1012.95,3.5,233.5,20.049999999999997
19.799417360450473,77.19816544561697,2,0,5047.5,2627.0,8,39,487.0,24.625,37.0,8.1,0.0,14.25,1014.05,45.2,234.65,20.3
20.835893443864485,76.37221631119937,1,0,4854.0,2425.5,6.0,35.5,259.0,19.6,64.3,11.9,0.0,14.05,1014.35,34.1,185.8,16.0
31.557111197234086,78.31910595342295,12,0,-389.0,-271.5,1.0,6.0,4047.0,-19.35,57.95,-25.9,2.4,4.5,1027.0,49.15,157.05,13.55
26.877355291190426,81.57306440699571,6,0,2272.5,1453.5,3.5,21.5,113.0,33.575,68.65,25.85,1.511,12.1,1001.2,69.35,232.1,19.95
16.891788402907903,77.78268178983127,1,0,3647.5,2043.0,6.0,33.5,503.0,23.475,84.25,19.1,1.2,17.55,1014.5,67.8,206.75,17.8
11.470449013402629,79.38084876424973,3,0,3800.0,1915.5,5.0,25.5,29.0,28.7,71.05000000000001,21.450000000000003,0.0,22.85,1014.3,15.35,308.75,26.65
24.475244462492377,72.45434353613452,8,0,6111.5,3303.5,10.0,46.0,253.0,28.45,68.75,22.75,0.0,9.2,1005.4,50.7,255.05,22.0
23.11538952842619,88.23973058725748,12,0,3037.0,1787.0,3.0,25.0,12.0,23.0,67.05000000000001,15.850000000000001,0.0,9.399999999999999,1011.9,6.55,194.05,16.75
25.139601867986993,79.98671289018301,6,0,3146.0,1905.0,4.0,19.0,190.0,33.325,52.8,21.35,0.5,15.3,1003.75,43.6,239.25,20.6
26.60134145064082,79.3875312218568,4,0,2465.5,1719.0,3.0,17.5,139.0,29.85,34.15,11.5,0.0,18.4,1007.65,23.5,321.15,27.55
23.793501581983236,72.78157887526841,2,0,5303.5,3609.0,10.0,52.0,160.0,25.200000000000003,30.75,5.45,0.0,22.5,1015.15,9.2,241.65,20.9
21.47506803265823,80.4734554276944,5,0,4121.5,2302.0,10.0,44.0,307.0,33.225,43.95,17.9,0.15,15.8,1008.3499999999999,53.95,263.6,22.799999999999997
23.758167437821243,71.00246568943203,1,0,1210.5,854.0,8.42,34.03,2.0,19.825000000000003,60.2,10.25,0.0,11.0,1012.5999999999999,20.45,204.8,17.700000000000003
10.76290495049386,76.99689784328739,1,0,3457.5,2033.0,3.0,15.5,271.0,24.85,85.05000000000001,21.35,0.2,17.65,1011.95,85.65,100.25,8.65
32.40199295901092,77.13433522542468,10,0,787.5,492.5,8.42,34.03,4520.0,10.225,54.3,-5.3,0.05,16.6,1022.8000000000001,3.4,228.05,19.75
34.92372367030943,78.82857599690442,5,0,917.5,723.0,8.42,34.03,5612.0,-13.625,49.3,-21.8,1.35,21.25,1015.0999999999999,51.9,314.65,27.35
22.109124004180536,74.06513904219916,1,0,4160.5,2133.5,6.0,33.5,204.0,16.9,37.849999999999994,0.9499999999999997,0.0,12.6,1012.35,0.35,217.3,18.6
28.3306642805855,78.83157336078438,10,0,3939.5,2451.5,7.5,43.0,182.0,28.875,78.4,23.6,0.0,9.55,1006.0,0.30000000000000004,226.2,19.549999999999997
23.222787442253907,74.15660666463043,9,0,6582.5,5075.0,15.0,42.5,263.0,29.5,72.8,23.75,6.25,12.8,1003.75,78.1,220.9,19.1
26.208704421730705,80.74632689001623,4,0,2270.5,1632.5,3.0,16.0,118.0,32.075,35.5,13.05,0.0,23.15,1006.1,0.7,323.1,27.9
22.72914381738234,83.94110297055929,7,0,4244.5,2869.0,4.5,17.5,494.0,27.725,86.15,24.2,14.25,9.55,1003.25,97.35,164.5,14.25
24.65797584600223,87.88405293411034,1,0,4820,2482,6.5,44.0,22.0,17.325,56.5,6.8,0.0,14.55,1017.35,24.85,194.4,16.700000000000003
15.285496909746627,77.67923851060183,3,0,2289.0,1337.5,3.5,19.5,514.0,32.05,35.6,12.9,0.0,22.700000000000003,1009.65,32.9,302.2,26.0
27.99991969701241,73.50646436613069,9,0,4747.5,3496.0,7.5,41.0,227.0,34.95,40.45,19.15,0.0,16.950000000000003,1001.5,28.9,249.45,21.549999999999997
28.481768001092604,75.35247826359158,10,0,1995.5,1156.5,2.0,18.0,260.0,25.525,33.05,6.949999999999999,0.0,14.2,1012.9,4.45,210.5,18.3
23.644403658808375,72.50574720022979,6,0,3904.5,3196.5,5.0,27.0,107.0,29.05,87.0,25.85,34.65,19.450000000000003,1002.15,96.15,101.6,8.8
33.34997087964363,75.73367175192526,7,0,6158.5,3152.5,14.5,51.0,1140.0,20.35,77.69999999999999,15.100000000000001,2.25,9.75,1010.4,50.5,265.6,22.950000000000003
22.181181422459222,80.75921656668673,3,0,4900,2583,12.5,45.5,721.0,25.875,25.75,3.1999999999999997,0.0,12.8,1017.0,8.100000000000001,278.20000000000005,24.0
24.487840158691192,76.4814948491446,8,0,6269.5,4521.0,11.5,43.0,321.0,24.725,91.4,22.85,63.550000000000004,31.3,999.55,98.25,53.6,4.6
22.568097859945535,88.25256373024429,1,0,4651.0,2133.0,4.0,27.5,5.0,20.7,66.45,12.75,0.0,13.9,1016.1,0.0,211.45,18.299999999999997
35.82688127913644,74.3051155967439,3,0,-349.5,-365.0,0.0,0.0,4104.0,-1.85,62.0,-7.3999999999999995,3.4499999999999997,2.9,1020.4,74.75,221.75,19.15
23.96653215290867,69.60903195123981,8,0,-221.5,-139.5,8.42,34.03,2.0,28.575,80.35,24.95,0.39999999999999997,41.25,1001.2,89.6,200.89999999999998,17.5
13.209725522115587,75.07445496569237,12,0,7544,4708,17.5,57.5,93.0,27.725,79.9,23.4,0.0,13.0,1011.15,40.75,193.14999999999998,16.6
23.138680132287732,84.69468803253707,7,0,3478.0,2473.5,7.0,27.0,610.0,25.875,91.75,24.0,7.5,21.25,1001.25,86.25,242.5,21.0
14.883336510333558,76.99765151543406,11,0,7371,5734,16.0,69.5,454.0,27.4,59.4,17.9,0.0,14.4,1011.5,54.4,243.25,20.9
28.76821172439088,78.71359014586541,8,0,8203.5,6565.0,6.0,34.0,199.0,29.299999999999997,81.94999999999999,25.05,10.55,12.4,1003.2,90.65,237.0,20.45
10.72475724500274,77.02897427773321,10,0,7789.0,5202.5,7.0,34.5,289.0,26.225,82.75,22.0,2.5,24.1,1010.15,64.8,237.8,20.65
33.0146903363172,76.3517613622128,5,0,-233.0,-249.0,8.42,34.03,4606.0,3.65,54.099999999999994,-4.8,1.15,19.8,1021.15,52.9,304.15,26.15
28.461131365173483,78.3461054688752,8,0,7946,6136,21.5,67.0,187.0,28.65,77.55,23.950000000000003,3.85,23.05,1003.6,53.95,205.65,17.75
28.676561503997025,72.73691599804027,9,0,3274.5,2358.5,8.42,34.03,133.0,32.45,56.849999999999994,22.35,2.7,22.5,1003.55,61.650000000000006,190.0,16.4
33.59161769200473,78.47465649499591,6,0,1623.5,988.0,2.0,11.5,5049.0,3.3,34.3,-11.35,0.0,14.05,1014.0,20.4,402.0,34.7
25.52961563633576,87.71502907122398,4,0,6243.0,4289.5,14.5,55.0,29.0,26.724999999999998,57.95,17.35,0.0,12.7,1009.5,5.7,276.3,23.85
15.792782725834911,77.27421917478274,10,0,4517.0,3091.5,8.5,43.5,379.0,26.35,44.05,11.75,0.0,16.0,1012.9,67.75,261.9,22.55
26.608796260600908,80.0386218649655,8,0,5104.5,3682.0,8.42,34.03,130.0,31.549999999999997,62.65,23.35,5.7,16.35,1001.8,80.15,200.65,17.2
26.832878734811253,77.67220861807499,1,0,7341.0,5467.0,13.0,54.0,183.0,14.875,89.05,12.899999999999999,7.8,16.549999999999997,1016.7,84.2,65.35,5.65
36.43988768459488,74.1155985631185,11,0,4310.45,2877.77,8.42,34.03,5026.0,1.5250000000000004,74.25,-6.05,3.45,12.05,1023.6,72.15,158.35,13.7
22.489330177044543,83.76630588838076,9,0,8755,5766,16.0,48.5,483.0,28.975,82.1,25.200000000000003,0.05,13.9,1009.05,46.349999999999994,237.35000000000002,20.5
28.47807348830836,72.73784909845595,7,0,963.0,662.5,8.42,34.03,143.0,34.3,52.9,23.5,0.30000000000000004,32.75,996.6,70.2,240.25,20.8
27.890096300343174,71.99340392865179,1,0,1176.0,826.0,8.42,34.03,147.0,16.85,31.15,-3.05,0.0,14.05,1016.7,6.7,206.6,17.85
34.80831685921616,78.92759033107498,7,0,930.0,604.5,8.42,34.03,5362.0,8.875,37.0,-6.8,0.0,31.7,1005.3499999999999,11.0,400.5,34.349999999999994
22.092153526246662,88.58079294883073,8,0,1790.5,1126.5,3.0,13.0,3.0,29.25,86.0,26.3,1.8170000000000002,14.8,1001.8499999999999,91.15,198.25,17.15
34.09024850127354,78.03293545305652,9,0,1420.0,690.5,8.42,34.03,4855.0,10.650000000000002,60.5,0.49999999999999994,2.15,6.8,1014.25,78.85,239.9,20.8
23.871670035453786,76.63000453358032,3,0,2634.5,1606.0,3.0,20.0,446.0,26.475,26.299999999999997,4.949999999999999,0.0,19.25,1012.9000000000001,0.05,281.35,24.35
25.573784468907334,86.09611112224712,1,0,5072.0,2707.0,7.0,43.5,45.0,15.65,88.65,12.899999999999999,0.05,11.0,1020.45,56.75,155.2,13.35
23.26813295355228,83.296002847671,11,0,4367.5,2568.0,8.0,42.0,566.0,17.725,55.099999999999994,6.9,0.0,9.55,1013.75,3.6,207.3,17.9
11.738674707291063,76.6192913986911,10,0,6260.0,4494.0,3.0,16.0,875.0,23.25,89.15,20.0,12.95,9.399999999999999,1012.95,76.6,250.60000000000002,21.6
27.620802271538953,76.9864758368309,7,0,5771.5,4204.0,10.0,39.5,260.0,32.05,63.599999999999994,23.5,7.85,21.6,1000.9,80.35,176.25,15.3
9.82560079754784,78.79357742381178,3,0,3779,2383,5.5,28.5,34.0,30.35,67.25,22.55,0.0,15.700000000000001,1010.15,32.85,267.45,23.049999999999997
20.9578198413196,77.23836348809809,3,0,3075.5,1400.0,3.5,21.5,278.0,29.375,39.1,12.2,0.0,8.65,1011.3,9.3,263.3,22.85
19.58086452389487,81.87903544167882,10,0,7861.5,4419.5,23.0,74.0,643.0,25.25,68.7,19.0,0.1,8.5,1008.45,53.2,252.95,21.9
33.08422230064485,77.22920020326328,5,0,-147.5,-316.5,8.42,34.03,4977.0,-15.600000000000001,61.35,-22.15,0.0,9.75,1034.5,16.95,405.20000000000005,35.099999999999994
20.7103317955006,74.85100549454843,4,0,2814.0,1556.5,5.0,21.5,320.0,33.15,32.849999999999994,13.95,0.05,17.1,1009.2,31.85,285.04999999999995,24.5
11.826041491862389,79.0592899762734,5,0,5619.0,3590.5,8.0,41.0,116.0,31.475,60.45,22.25,0.0,18.9,1005.55,58.45,246.55,21.4
25.681843714875722,86.8600519969459,7,0,6619.0,4795.0,6.5,28.5,38.0,29.95,76.85,24.75,4.0649999999999995,25.9,1003.5999999999999,92.5,138.54999999999998,11.8
22.783763130239812,73.27724347959882,6,0,3166.5,1903.0,4.5,22.5,39.0,33.825,57.65,23.05,0.0,19.45,998.95,65.8,151.5,13.05
35.82902063943864,73.71727973723513,6,0,2191,1334,2.5,13.0,3900.0,15.4,42.400000000000006,2.15,0.85,6.449999999999999,1010.05,13.2,355.25,30.65
11.055724746306705,77.18473027644899,7,0,4584.5,2827.5,3.5,21.0,361.0,27.975,82.95,23.25,16.1,22.15,1007.55,55.95,272.3,23.35
25.456271735705506,80.31796695199576,6,0,1572,1293,4.0,19.0,124.0,31.474999999999998,54.349999999999994,22.9,2.1,17.8,999.35,90.80000000000001,197.3,17.1
20.63759589900763,75.64874497440194,1,0,5433.5,2716.0,6.0,40.0,331.0,21.450000000000003,42.15,7.0,0.0,13.5,1017.2,12.7,208.55,17.95
32.876787243583806,77.39201418729311,6,0,-430.5,-629.0,8.42,34.03,5639.0,13.825,58.0,0.6499999999999999,0.0,14.8,1009.45,8.2,386.1,33.3
22.27518255403411,81.58834407214546,2,0,3924.0,2321.0,10.0,44.0,328.0,22.900000000000002,50.65,10.5,0.0,8.3,1013.0,0.0,260.0,22.5
28.256344412153425,75.41796729609612,6,0,1947,1251,2.5,15.0,307.0,37.724999999999994,35.75,18.75,0.0,27.55,996.1,4.5,311.05,26.799999999999997
14.784961388375189,74.5832907090902,11,0,7765.0,4265.0,26.5,75.5,43.0,29.425,64.8,20.2,0.0,9.5,1009.0999999999999,83.80000000000001,220.05,19.1
24.441192159043876,71.55300226450608,7,0,2820.0,1684.5,2.0,11.0,32.0,29.75,78.4,25.0,1.5,29.549999999999997,1000.8,99.5,135.5,11.7
20.79301019087409,74.56231074221448,9,0,6227.0,3879.0,10.5,43.0,491.0,24.5,81.5,20.65,2.15,18.2,1008.45,87.6,136.1,11.75
28.540407087455428,75.11579264135963,7,0,4697.0,3361.0,7.0,34.5,259.0,31.325000000000003,70.25,24.5,6.5,23.049999999999997,1002.0,89.3,178.3,15.45
25.1459379612357,71.6434431434032,6,0,1741.5,1256.5,2.0,12.5,46.0,32.175,48.150000000000006,19.05,1.9500000000000002,35.3,1006.35,32.05,323.29999999999995,27.8
10.389177055821845,78.66380720990219,8,0,5405.5,3765.5,9.0,38.5,112.0,32.725,59.3,22.75,1.552,29.5,1007.0,56.4,216.45,18.799999999999997
26.32521099335956,73.00143428428301,5,0,1291.0,1040.0,2.0,11.0,286.0,39.725,21.35,12.25,0.0,21.950000000000003,997.85,12.9,328.2,28.45
13.362396204390377,75.1563860244762,10,0,8187.0,4864.0,16.5,45.5,687.0,27.9,85.1,25.049999999999997,0.2,18.4,1009.75,66.8,252.35000000000002,21.8
26.082312875439886,85.55082964096009,12,0,5453.5,3211.5,7.5,46.5,55.0,19.475,76.4,14.1,0.0,7.4,1013.1500000000001,7.6,179.4,15.3
25.73833473824564,71.64049296342712,8,0,4930.5,3542.0,8.0,33.5,159.0,28.15,81.6,24.15,5.15,35.6,1001.05,79.75,228.2,19.700000000000003
26.964456013339085,81.63954379049208,7,0,1386.0,1053.5,2.5,14.5,104.0,30.875,78.80000000000001,26.5,11.6625,14.05,993.35,76.25,220.55,19.049999999999997
22.21153354539943,71.49471337141857,1,0,5615.5,3150.0,6.0,41.0,142.0,21.45,47.95,8.2,0.0,18.0,1014.25,0.0,199.05,17.25
25.862748578718556,86.82197677149288,11,0,3924.5,2358.0,7.5,40.5,43.0,21.099999999999998,53.15,9.899999999999999,0.0,12.25,1012.4,19.25,195.2,16.8
26.916125901546703,71.47929716787829,7,0,1644.5,1293.0,1.5,8.5,234.0,34.7,53.4,23.75,2.1,26.8,994.35,72.7,239.55,20.8
33.13284576781022,77.38581582920371,12,0,-244.5,-213.5,8.42,34.03,4479.0,-24.425,61.55,-29.7,0.0,2.5,1033.9,51.75,161.7,14.0
24.850603855116308,74.21591995520102,6,0,3608,2521,6.5,30.0,453.0,33.075,47.45,19.7,0.0,27.55,1002.75,15.899999999999999,340.0,29.3
10.679939874354393,77.97431196931,2,0,3890.5,2316.5,7.5,34.5,183.0,26.975,70.4,20.9,1.8,13.85,1013.45,51.5,190.1,16.55
15.966440805775246,80.21546183498386,10,0,3140.0,1551.5,1.5,10.0,21.0,27.8,85.05,24.55,4.0645,7.95,1010.6,59.099999999999994,240.3,20.75
19.751974072426055,81.42926416912248,2,0,3535,1997,6.5,32.0,613.0,22.475,60.3,13.55,1.4,11.0,1014.7,25.9,214.64999999999998,18.4
13.628148651803848,75.48769475890678,5,0,6852.5,5895.0,18.0,52.5,691.0,25.224999999999998,83.35,21.5,3.5999999999999996,17.1,1008.45,78.25,157.25,13.649999999999999
27.005440916081263,73.61846529582417,6,0,2393.0,1520.0,1.0,7.5,333.0,35.0,45.45,21.05,0.05,49.35,997.7,64.3,303.75,26.25
27.35963760619261,76.26416236986468,4,0,2131.0,1352.0,4.0,21.5,437.0,31.05,29.35,10.399999999999999,0.0,16.6,1011.65,46.400000000000006,247.65,21.2
28.567684157342114,74.16609837388785,9,0,3635.5,2639.0,7.5,39.0,220.0,34.55,40.55,18.9,0.1,26.299999999999997,1001.65,27.65,247.9,21.5
20.34476918518328,80.63463027289056,2,0,4308,2287,9.5,40.5,371.0,24.450000000000003,33.3,5.05,0.0,6.15,1013.6,1.15,267.6,23.2
17.272377315532047,75.04282036266736,10,0,5176.0,2839.5,7.0,33.5,543.0,27.575,62.9,18.700000000000003,0.1,22.85,1008.1,93.6,199.9,17.200000000000003
26.54011245350093,71.0799221873187,4,0,1116.0,782.5,2.0,11.0,283.0,30.925,19.7,3.8,0.0,15.3,1008.3,4.65,314.2,27.1
22.576108953026985,83.20730189984394,1,0,7203.5,4015.0,17.5,67.0,606.0,18.375,63.25,8.4,0.0,7.699999999999999,1019.2,4.65,198.05,17.15
23.43705895061698,69.81192205396333,11,0,4021.5,2625.5,8.42,34.03,7.0,25.05,61.4,15.850000000000001,0.0,12.45,1013.25,3.25,196.6,17.1
25.52833830647065,71.5630527945081,3,0,1171.0,850.5,2.0,12.5,101.0,32.175,16.55,2.05,0.0,25.05,1008.6,2.35,303.3,26.15
25.787241735949127,73.00133473056856,8,0,6609.5,4875.0,8.0,32.0,178.0,31.025000000000002,72.9,24.700000000000003,21.1,21.05,1003.4,86.65,227.60000000000002,19.6
11.436572375810218,77.07810396340125,3,0,3826.5,1531.0,3.5,16.0,308.0,27.3,43.849999999999994,12.9,0.0,18.4,1011.3,17.85,300.0,26.200000000000003
34.82439912601809,76.87081012477816,6,0,1021,489,8.42,34.03,3279.0,6.05,61.9,-0.55,3.55,10.8,1011.45,58.849999999999994,304.9,26.450000000000003
23.369977214697602,73.15177294446076,6,0,4415.5,3430.5,6.5,32.5,102.0,34.75,62.400000000000006,25.15,0.0,20.4,999.7,40.45,237.6,20.5
33.1896530660772,76.03611527034205,4,0,-152.5,-155.5,8.42,34.03,4283.0,1.8499999999999999,62.85,-5.1,2.75,20.700000000000003,1020.05,28.7,297.0,25.7
26.2955047870182,78.66549923483169,8,0,3911,2297,5.5,27.0,151.0,30.5,60.9,21.700000000000003,0.05,21.25,1004.35,19.75,239.5,20.75
11.652625028675969,76.68386196780847,12,0,6671.0,3265.0,10.5,48.0,932.0,23.650000000000002,75.1,21.05,0.0,10.75,1009.45,59.1,119.35,10.3
27.865140593244973,78.86900214731327,1,0,6187.0,3865.5,7.0,43.5,163.0,16.225,59.2,6.550000000000001,0.0,9.35,1017.1500000000001,28.6,174.05,15.05
21.430139909265744,79.89723049106459,8,0,7333.0,4903.5,13.0,39.5,263.0,27.525,82.9,23.25,2.5999999999999996,16.549999999999997,1005.0,66.8,240.6,20.85
22.441140046688997,80.57506052631662,12,0,5212.5,2534.0,11.5,43.5,543.0,22.775,69.1,14.7,0.0,8.100000000000001,1013.5,98.25,90.14999999999999,7.8999999999999995
27.706101863839258,71.22109925860445,1,0,2677.5,1897.5,8.42,34.03,109.0,18.549999999999997,43.7,5.2,0.3,26.1,1007.5,35.6,147.14999999999998,12.7
35.3942997044906,79.1711929324439,2,0,726.5,464.5,8.42,34.03,5350.0,-12.774999999999999,38.1,-25.55,0.25,16.55,1012.8499999999999,90.4,197.05,17.0
26.857025873061563,76.4272395498352,9,0,4845.0,3127.5,17.5,61.5,307.0,30.0,78.5,25.15,3.0,19.450000000000003,1007.9,63.25,216.8,18.85
20.130366043184683,76.90755871724258,8,0,5374.5,3648.5,3.5,21.0,538.0,28.575,76.94999999999999,22.9,7.3,15.100000000000001,1002.45,87.75,225.65,19.45
13.659113359261665,74.7375464597678,5,0,6111,3500,7.5,31.0,17.0,28.025,89.9,25.5,5.0795,20.5,1002.85,90.15,225.95,19.5
21.879627574779807,75.73883475728086,9,0,6819.5,4709.5,15.0,58.5,220.0,27.475,76.25,22.7,2.75,10.25,1006.95,76.65,257.9,22.35
17.2465494526444,79.49841159149817,3,0,5694.0,3799.0,8.42,34.03,196.0,29.25,42.4,13.7,0.0,21.8,1011.2,42.65,278.79999999999995,24.15
26.188193476459354,87.02613654293903,5,0,5416.5,4007.5,11.5,45.0,61.0,24.549999999999997,82.7,21.4,15.0,25.200000000000003,1005.75,70.0,209.05,18.05
25.249454656310146,79.48350095314973,7,0,2647.0,1923.0,3.5,21.5,199.0,33.724999999999994,50.5,22.299999999999997,0.3,17.85,997.8499999999999,70.5,204.05,17.6
27.033748191256272,88.36288929999058,7,0,5052.5,4342.5,2.5,12.0,1353.0,21.9,93.15,20.85,26.700000000000003,6.5,1008.2,96.55,117.95,10.25
20.134312003458632,78.29944164272047,5,0,2713.0,1362.5,3.0,16.5,288.0,33.55,47.75,19.85,0.6,11.5,1005.2,21.75,281.45,24.299999999999997
27.09775331922854,72.27652913557259,9,0,3688.0,2608.5,6.5,34.5,250.0,30.525,78.4,24.85,1.55,18.0,1005.3,21.7,223.85000000000002,19.35
11.466394264435054,77.37741041411643,12,0,5794.0,3174.0,7.5,40.5,222.0,25.125,81.05000000000001,21.200000000000003,1.5,16.6,1013.5999999999999,80.0,191.15,16.35
14.72065887889454,76.58964647247221,4,0,2338.5,1459.0,3.0,15.0,597.0,27.75,64.6,19.1,3.2,15.85,1010.8,73.35,268.65,23.35
15.553520909810919,79.88270431186113,12,0,2852.5,1949.5,9.5,48.0,48.0,25.95,79.15,21.55,0.121,17.25,1016.8,39.2,157.45,13.5
21.498235022652484,80.01494754190803,6,0,4718,2635,2.0,10.0,286.0,25.75,91.30000000000001,23.55,30.5,23.4,1000.9,100.0,54.45,4.65
26.400378468267277,84.9913022476417,7,0,2012.0,1477.0,3.0,12.5,64.0,30.525,78.65,26.35,2.65,18.35,1003.8,80.65,194.95,16.85
36.10323563313337,73.33492118054752,6,0,1332.5,828.5,2.5,12.5,2847.0,0.625,68.65,-4.8,4.35,9.899999999999999,1019.3,53.25,328.0,28.4
28.888102914702532,73.48480395190333,5,0,1178,795,8.42,34.03,196.0,38.975,14.700000000000001,6.0,0.0,24.299999999999997,998.45,0.3,333.75,28.8
27.73482442056051,73.97711943402649,5,0,1493.0,981.0,2.0,11.5,309.0,35.8,18.4,7.3,0.0,17.25,1003.2,18.3,314.4,27.15
11.902525417356745,79.49545072811983,9,0,5681.5,3615.5,8.5,39.5,40.0,31.950000000000003,60.1,21.799999999999997,0.421,21.75,1004.8,76.55,239.4,20.65
23.10061008626206,80.60930417529109,10,0,5257.5,2995.5,19,67,759.0,22.625,64.75,14.85,0.0,13.9,1013.3,5.2,249.5,21.45
32.869574419689116,76.59906499561893,5,0,-451.0,-437.5,8.42,34.03,4538.0,10.375,78.1,0.6000000000000001,0.85,5.55,1012.95,65.2,293.75,25.45
22.875692732652006,83.87548835502986,3,0,4097.5,2095.0,10.0,38.5,505.0,22.825000000000003,45.5,7.800000000000001,0.0,19.4,1010.95,13.15,304.55,26.3
32.3009502395801,77.8367677783965,8,0,130.5,66.0,8.42,34.03,5337.0,11.424999999999999,89.80000000000001,3.45,0.65,5.95,1014.75,86.5,278.25,24.1
35.783635736338326,74.44653641899019,5,0,4785,2256,6.0,28.5,3226.0,15.325000000000001,26.6,-4.300000000000001,0.0,8.5,1008.9,5.1499999999999995,380.45,33.0
23.227375639539705,83.44025155361942,8,0,2867.0,2241.5,8.0,28.5,642.0,25.325000000000003,83.55,22.1,2.65,11.7,1006.6,74.19999999999999,261.0,22.5
25.638914824180773,73.26648232037776,6,0,2318,1458,3.0,16.0,221.0,33.800000000000004,57.5,22.8,0.3,16.0,1003.5,41.0,254.35,22.05
35.20863885156444,79.09051917034475,8,0,966.5,710.0,8.42,34.03,5305.0,8.45,46.099999999999994,-4.15,0.05,22.7,1012.1500000000001,30.75,325.45,28.3
25.69764906774904,86.88915481473943,11,0,3449.0,1928.5,6.5,35.0,38.0,22.375,73.45,16.65,0.0,8.100000000000001,1011.75,17.1,184.8,16.0
25.3680159781396,75.11009995266072,3,0,4240.0,2606.5,8.5,44.5,354.0,22.724999999999998,35.7,5.15,0.05,15.1,1014.7,3.5999999999999996,245.45,21.200000000000003
9.36707143477812,77.96708480370998,5,0,5020,2665,4.5,25.0,58.0,33.425,59.849999999999994,23.15,0.35,22.0,1007.45,38.9,225.85,19.4
23.974655399251883,73.63459213378168,3,0,2526.0,1489.5,3.0,17.0,373.0,29.125,38.25,12.3,0.0,23.05,1006.7,6.05,279.5,24.200000000000003
24.936001754666353,73.51141739659577,4,0,3249.5,1756.0,3.0,20.0,805.0,25.4,25.15,2.75,0.0,23.25,1012.45,41.55,301.4,26.1
14.812108938358485,76.83350382411696,2,0,3011.5,1682.5,3.5,25.5,498.0,25.825,47.7,12.5,0.0,11.3,1011.2,50.75,265.95,23.0
25.68426734790414,75.31845404269075,6,0,2304.5,1643.0,4.0,18.5,337.0,30.824999999999996,61.95,21.9,10.15,28.6,1001.2,51.4,234.0,20.25
35.05517169643453,74.9289726844088,4,0,-805.0,-822.5,0.0,0.0,3513.0,-0.42500000000000027,67.45,-14.899999999999999,0.65,10.8,1029.85,21.75,347.0,29.85
14.438294084889993,76.95602518793274,3,0,2952.0,1725.5,4.0,24.5,535.0,28.4,40.8,11.899999999999999,0.0,14.4,1012.3499999999999,16.05,290.5,25.0
35.308091396944825,74.10922649478852,7,0,2239.0,1146.5,1.0,6.5,2063.0,16.049999999999997,68.8,9.95,13.75,12.95,1009.35,78.65,234.8,20.25
23.793609682376612,70.863608162472,9,0,2853.5,2075.0,4.0,21.5,7.0,31.424999999999997,55.25,20.799999999999997,0.0,22.299999999999997,1004.65,4.85,284.9,24.549999999999997
27.89884724605691,78.57585027694131,2,0,7266.0,5291.5,22.5,75.0,178.0,18.7,22.2,-5.0,0.0,15.8,1013.45,13.3,215.9,18.6
15.983848661711418,77.87948113077614,8,0,4272.5,2401.0,4.0,20.0,314.0,29.7,62.1,20.75,1.6,28.6,1008.45,75.7,173.5,14.95
12.375188194057099,79.46328230628066,2,0,5606.5,3202.5,9.5,45.0,107.0,26.2,72.1,19.450000000000003,0.0,23.9,1016.55,44.5,280.25,24.1
27.20274358289955,70.38477278777982,10,0,2431.5,1793.5,8.42,34.03,159.0,32.25,34.5,13.3,0.0,17.450000000000003,1007.4000000000001,32.5,216.05,18.65
24.3437776680601,76.01837409318273,6,0,2545.0,1336.0,3.0,14.5,363.0,33.425,52.5,21.35,0.2,23.05,997.6,32.7,259.9,22.55
24.521342985681034,76.25487976938086,8,0,8035.5,6768.5,9.0,38.0,315.0,27.075,88.5,24.15,26.4,19.95,1003.45,97.15,149.10000000000002,12.9
16.157174294641546,77.75030654754947,6,0,2295.5,1503.5,4.0,20.0,356.0,30.575000000000003,56.05,20.75,31.5,18.2,1005.1,93.65,240.2,20.700000000000003
10.514748698157979,76.95363079117446,7,0,5160.0,3464.0,4.5,21.5,261.0,27.75,77.75,22.8,0.4,21.6,1010.05,62.75,282.95,24.5
26.26995558355417,70.7245588599277,7,0,1841.0,1206.5,1.0,6.0,186.0,32.475,60.5,23.55,12.35,23.95,995.3499999999999,64.25,256.05,22.1
12.300901817389645,75.8742060988948,6,0,6073,4157,30.5,74.0,899.0,24.55,88.1,20.85,1.5,12.6,1010.0,85.6,263.6,22.7
27.43996328906446,75.91674772399719,2,0,3893,2407,7.0,41.0,447.0,23.2,56.6,13.149999999999999,0.0,12.1,1015.7,3.8000000000000003,225.25,19.450000000000003
24.478180027802132,72.6696308443469,4,0,3852.5,2567.5,5.0,29.0,243.0,30.75,33.55,11.4,0.0,32.8,1007.9,18.75,309.65,26.75
34.480494247774686,75.76325003761605,5,0,-566.0,-567.5,8.42,34.03,4267.0,-5.525,78.5,-7.75,0.6000000000000001,12.05,1019.35,68.5,361.85,31.3
24.597663908135882,73.2968024413887,1,0,5603.5,2546.5,9.5,50.5,634.0,16.3,46.5,2.9000000000000004,0.0,13.0,1016.05,0.0,216.5,18.799999999999997
20.013205347635786,78.87235266802122,8,0,4998.5,4007.5,1.0,5.5,245.0,27.150000000000002,89.4,24.0,29.55,19.6,1003.25,95.85,77.39999999999999,6.6000000000000005
10.73207474523447,79.2892180661584,1,0,7038.5,5289.0,12.5,59.0,41.0,27.25,78.5,22.3,0.5925,12.1,1012.4000000000001,41.85,207.95,17.9
20.961662411261745,75.14703380965298,10,0,5738.5,2530.0,14.5,60.0,219.0,25.25,71.4,19.05,0.0,6.15,1013.15,13.299999999999999,218.64999999999998,18.75
26.76029493593356,81.66709657149141,6,0,5695.0,3857.0,7.5,37.0,108.0,30.35,71.85,24.549999999999997,0.0,16.9,1002.85,42.05,284.5,24.5
23.516888483447733,73.37983253557138,4,0,3735.5,2473.0,4.0,23.5,163.0,31.025,28.3,9.5,0.0,22.5,1009.7,95.44999999999999,211.35,18.15
12.21304095080757,78.59126224888799,1,0,4513.5,2855.5,8.0,42.0,330.0,26.1,57.75,14.65,0.0,12.4,1010.75,46.8,251.15,21.799999999999997
22.848605911755115,81.64255463586329,5,0,3902.0,1847.0,6.5,31.0,899.0,32.9,27.85,8.850000000000001,0.0,16.55,1006.75,23.5,294.75,25.45
26.139567042607258,75.83151042879565,11,0,4505.0,2679.0,5.0,28.0,279.0,23.0,38.4,6.4,0.0,16.6,1015.15,9.65,206.25,17.6
